{
  "project_info": {
    "project_number": "95810645829",
    "project_id": "proyectofinal-dbc77",
    "storage_bucket": "proyectofinal-dbc77.firebasestorage.app"
  },
  "client": [
    {
      "client_info": {
        "mobilesdk_app_id": "1:95810645829:android:c1e856cff71de7db07182c",
        "android_client_info": {
          "package_name": "com.example.proyecto_final"
        }
      },
      "oauth_client": [],
      "api_key": [
        {
          "current_key": "AIzaSyA6L1UMg67h3N3NEw6IrLAw3zfAZDieC7w"
        }
      ],
      "services": {
        "appinvite_service": {
          "other_platform_oauth_client": []
        }
      }
    }
  ],
  "configuration_version": "1"
}